Date,Facebook,Twitter,Instagram,YouTube,Reddit,LinkedIn
2019-04,68.36,6.72,2.21,4.59,0.62,0.18
2019-05,70.42,6.25,1.81,4.33,3.08,0.17
2019-06,73.91,6.18,1.43,3.81,0.23,0.15
2019-07,72.16,6.06,1.75,3.86,0.25,0.16
2019-08,71.75,6.07,1.58,3.65,0.3,0.15
2019-09,72.94,6.56,2.42,3.67,0.23,0.18
2019-10,67.73,10.57,5.74,3.71,0.27,0.16
2019-11,66.01,11.49,6.5,3.28,0.25,0.14
2019-12,64.22,12.96,7.05,3.79,0.27,0.1
2020-01,61.3,14.51,8.4,3.33,0.29,0.12
2020-02,62.11,14.44,8.9,2.91,0.27,0.12
2020-03,64.99,14.29,8.54,3.1,0.23,0.12
2020-04,60.15,15.48,8.73,4.2,0.35,0.12
2020-05,72.02,16.25,9.49,5.56,0.39,0.16
