Date,Facebook,Twitter,YouTube,Instagram,Reddit,LinkedIn,Google+
2016-01,85.24,4.21,0.26,0,0.91,0.07,0.28
2016-02,85.04,4.8,0.19,0,0.85,0.1,0.2
2016-03,86.82,4.73,0.22,0,0.92,0.13,0.17
2016-04,87.12,4.93,0.27,0,0.96,0.12,0.18
2016-05,86.1,4.39,0.19,0,0.83,0.1,0.17
2016-06,87.04,4.17,0.2,0,0.74,0.11,0.14
2016-07,85.8,4.58,0.16,0,0.66,0.21,0.12
2016-08,85.23,4.76,0.21,0,0.61,0.13,0.12
2016-09,85.89,4.23,0.14,0,0.62,0.13,0.13
2016-10,86.9,3.2,0.59,0.07,0.52,0.1,0.09
2016-11,86.54,3.48,0.49,0.38,0.48,0.16,0.09
2016-12,85.98,3.64,0.15,0.51,0.44,0.19,0.09
2017-01,85.9,3.63,0.14,0.48,0.47,0.14,0.11
2017-02,86.47,3.46,0.11,0.43,0.41,0.11,0.18
2017-03,87.15,3.65,0.09,0.46,0.41,0.12,0.18
2017-04,86.02,4.08,0.26,0.5,0.44,0.11,0.13
2017-05,87.83,4.22,0.99,0.37,0.42,0.11,0.16
2017-06,85.87,4.44,1.65,0.49,0.35,0.14,0.14
2017-07,82.39,5.37,2.2,0.89,0.38,0.13,0.09
2017-08,81.8,5.2,2.62,0.89,0.52,0.14,0.11
2017-09,80.31,6.01,1.82,1.07,0.83,0.18,0.16
2017-10,79.68,5.75,1.85,1.08,0.97,0.21,0.15
2017-11,75.54,6.36,3.73,1.59,0.84,0.29,0.13
2017-12,75.54,5.74,4.78,1.47,0.74,0.18,0.13
2018-01,75.45,5.51,4.91,1.7,0.53,0.14,0.12
2018-02,75.6,5.46,5.06,1.84,0.48,0.17,0.22
2018-03,69.72,6.09,7,2.23,0.6,0.25,0.3
2018-04,65.73,6.81,7.9,1.64,0.67,0.25,0.36
2018-05,66.92,6.78,7.89,1.8,0.47,0.24,0.33
2018-06,63.03,8.29,9.66,2.16,0.46,0.27,0.33
2018-07,63.71,8.07,8.62,2.41,0.36,0.3,0.26
2018-08,65.15,8.49,8.58,2.37,0.38,0.27,0.25
2018-09,66.25,8.8,7.97,1.94,0.36,0.25,0.4
2018-10,66.81,8.57,7.45,1.88,0.36,0.19,0.35
2018-11,69.33,7.08,6.14,1.94,0.52,0.2,0.41
2018-12,66.33,8.24,4.77,1.77,0.77,0.24,0.38
2019-01,65.88,9.1,3.97,1.69,1.42,0.23,0.31
2019-02,68.95,7.41,3.76,1.56,1.71,0.25,0.26
2019-03,67.46,7.26,3.92,2.21,0.83,0.16,0.24
2019-04,68.36,6.72,4.59,2.21,0.62,0.18,0.02
2019-05,70.42,6.25,4.33,1.81,3.08,0.17,0
2019-06,73.91,6.18,3.81,1.43,0.23,0.15,0.01
2019-07,72.16,6.06,3.86,1.75,0.25,0.16,0
2019-08,71.75,6.07,3.65,1.58,0.3,0.15,0
2019-09,72.94,6.56,3.67,2.42,0.23,0.18,0.01
2019-10,67.73,10.57,3.71,5.74,0.27,0.16,0.01
2019-11,66.01,11.49,3.28,6.5,0.25,0.14,0.03
2019-12,64.22,12.96,3.79,7.05,0.27,0.1,0.03
2020-01,61.3,14.51,3.33,8.4,0.29,0.12,0.02
2020-02,62.11,14.44,2.91,8.9,0.27,0.12,0
2020-03,64.99,14.29,3.1,8.54,0.23,0.12,0
2020-04,60.15,15.48,4.2,8.73,0.35,0.12,0
2020-05,72.02,6.25,5.56,1.49,0.39,0.16,0
